ImageName,Subset,ImageID,Width,Height,AuthorProfileURL,Author,Title,OriginalSize,OriginalMD5,Thumbnail300KURL,Rotation
frame_000000,default,1,1080,1920,,,,,,,
frame_000010,default,2,1080,1920,,,,,,,
frame_000020,default,3,1080,1920,,,,,,,
frame_000030,default,4,1080,1920,,,,,,,
frame_000040,default,5,1080,1920,,,,,,,
frame_000050,default,6,1080,1920,,,,,,,
frame_000060,default,7,1080,1920,,,,,,,
frame_000070,default,8,1080,1920,,,,,,,
frame_000080,default,9,1080,1920,,,,,,,
frame_000090,default,10,1080,1920,,,,,,,
frame_000100,default,11,1080,1920,,,,,,,
frame_000110,default,12,1080,1920,,,,,,,
frame_000120,default,13,1080,1920,,,,,,,
frame_000130,default,14,1080,1920,,,,,,,
frame_000140,default,15,1080,1920,,,,,,,
frame_000150,default,16,1080,1920,,,,,,,
frame_000160,default,17,1080,1920,,,,,,,
frame_000170,default,18,1080,1920,,,,,,,
frame_000180,default,19,1080,1920,,,,,,,
frame_000190,default,20,1080,1920,,,,,,,
frame_000200,default,21,1080,1920,,,,,,,
frame_000210,default,22,1080,1920,,,,,,,
frame_000220,default,23,1080,1920,,,,,,,
frame_000230,default,24,1080,1920,,,,,,,
frame_000240,default,25,1080,1920,,,,,,,
frame_000250,default,26,1080,1920,,,,,,,
frame_000260,default,27,1080,1920,,,,,,,
frame_000270,default,28,1080,1920,,,,,,,
frame_000280,default,29,1080,1920,,,,,,,
frame_000290,default,30,1080,1920,,,,,,,
frame_000300,default,31,1080,1920,,,,,,,
frame_000310,default,32,1080,1920,,,,,,,
frame_000320,default,33,1080,1920,,,,,,,
frame_000330,default,34,1080,1920,,,,,,,
frame_000340,default,35,1080,1920,,,,,,,
frame_000350,default,36,1080,1920,,,,,,,
frame_000360,default,37,1080,1920,,,,,,,
frame_000370,default,38,1080,1920,,,,,,,
frame_000380,default,39,1080,1920,,,,,,,
frame_000390,default,40,1080,1920,,,,,,,
frame_000400,default,41,1080,1920,,,,,,,
frame_000410,default,42,1080,1920,,,,,,,
frame_000420,default,43,1080,1920,,,,,,,
frame_000430,default,44,1080,1920,,,,,,,
frame_000440,default,45,1080,1920,,,,,,,
frame_000450,default,46,1080,1920,,,,,,,
frame_000460,default,47,1080,1920,,,,,,,
frame_000470,default,48,1080,1920,,,,,,,
frame_000480,default,49,1080,1920,,,,,,,
frame_000490,default,50,1080,1920,,,,,,,
frame_000500,default,51,1080,1920,,,,,,,
frame_000510,default,52,1080,1920,,,,,,,
frame_000520,default,53,1080,1920,,,,,,,
frame_000530,default,54,1080,1920,,,,,,,
frame_000540,default,55,1080,1920,,,,,,,
frame_000550,default,56,1080,1920,,,,,,,
frame_000560,default,57,1080,1920,,,,,,,
frame_000570,default,58,1080,1920,,,,,,,
frame_000580,default,59,1080,1920,,,,,,,
frame_000590,default,60,1080,1920,,,,,,,
frame_000600,default,61,1080,1920,,,,,,,
frame_000610,default,62,1080,1920,,,,,,,
frame_000620,default,63,1080,1920,,,,,,,
frame_000630,default,64,1080,1920,,,,,,,
frame_000640,default,65,1080,1920,,,,,,,
frame_000650,default,66,1080,1920,,,,,,,
frame_000660,default,67,1080,1920,,,,,,,
frame_000670,default,68,1080,1920,,,,,,,
frame_000680,default,69,1080,1920,,,,,,,
frame_000690,default,70,1080,1920,,,,,,,
frame_000700,default,71,1080,1920,,,,,,,
frame_000710,default,72,1080,1920,,,,,,,
frame_000720,default,73,1080,1920,,,,,,,
frame_000730,default,74,1080,1920,,,,,,,
frame_000740,default,75,1080,1920,,,,,,,
frame_000750,default,76,1080,1920,,,,,,,
frame_000760,default,77,1080,1920,,,,,,,
frame_000770,default,78,1080,1920,,,,,,,
frame_000780,default,79,1080,1920,,,,,,,
frame_000790,default,80,1080,1920,,,,,,,
frame_000800,default,81,1080,1920,,,,,,,
frame_000810,default,82,1080,1920,,,,,,,
frame_000820,default,83,1080,1920,,,,,,,
frame_000830,default,84,1080,1920,,,,,,,
frame_000840,default,85,1080,1920,,,,,,,
frame_000850,default,86,1080,1920,,,,,,,
frame_000860,default,87,1080,1920,,,,,,,
frame_000870,default,88,1080,1920,,,,,,,
frame_000880,default,89,1080,1920,,,,,,,
frame_000890,default,90,1080,1920,,,,,,,
frame_000900,default,91,1080,1920,,,,,,,
frame_000910,default,92,1080,1920,,,,,,,
frame_000920,default,93,1080,1920,,,,,,,
frame_000930,default,94,1080,1920,,,,,,,
frame_000940,default,95,1080,1920,,,,,,,
frame_000950,default,96,1080,1920,,,,,,,
frame_000960,default,97,1080,1920,,,,,,,
frame_000970,default,98,1080,1920,,,,,,,
frame_000980,default,99,1080,1920,,,,,,,
frame_000990,default,100,1080,1920,,,,,,,
frame_001000,default,101,1080,1920,,,,,,,
frame_001010,default,102,1080,1920,,,,,,,
frame_001020,default,103,1080,1920,,,,,,,
frame_001030,default,104,1080,1920,,,,,,,
frame_001040,default,105,1080,1920,,,,,,,
frame_001050,default,106,1080,1920,,,,,,,
frame_001060,default,107,1080,1920,,,,,,,
frame_001070,default,108,1080,1920,,,,,,,
frame_001080,default,109,1080,1920,,,,,,,
frame_001090,default,110,1080,1920,,,,,,,
frame_001100,default,111,1080,1920,,,,,,,
frame_001110,default,112,1080,1920,,,,,,,
frame_001120,default,113,1080,1920,,,,,,,
frame_001130,default,114,1080,1920,,,,,,,
frame_001140,default,115,1080,1920,,,,,,,
frame_001150,default,116,1080,1920,,,,,,,
frame_001160,default,117,1080,1920,,,,,,,
frame_001170,default,118,1080,1920,,,,,,,
frame_001180,default,119,1080,1920,,,,,,,
frame_001190,default,120,1080,1920,,,,,,,
frame_001200,default,121,1080,1920,,,,,,,
frame_001210,default,122,1080,1920,,,,,,,
frame_001220,default,123,1080,1920,,,,,,,
frame_001230,default,124,1080,1920,,,,,,,
frame_001240,default,125,1080,1920,,,,,,,
frame_001250,default,126,1080,1920,,,,,,,
frame_001260,default,127,1080,1920,,,,,,,
frame_001270,default,128,1080,1920,,,,,,,
frame_001280,default,129,1080,1920,,,,,,,
frame_001290,default,130,1080,1920,,,,,,,
frame_001300,default,131,1080,1920,,,,,,,
frame_001310,default,132,1080,1920,,,,,,,
frame_001320,default,133,1080,1920,,,,,,,
frame_001330,default,134,1080,1920,,,,,,,
frame_001340,default,135,1080,1920,,,,,,,
frame_001350,default,136,1080,1920,,,,,,,
frame_001360,default,137,1080,1920,,,,,,,
frame_001370,default,138,1080,1920,,,,,,,
frame_001380,default,139,1080,1920,,,,,,,
frame_001390,default,140,1080,1920,,,,,,,
frame_001400,default,141,1080,1920,,,,,,,
frame_001410,default,142,1080,1920,,,,,,,
frame_001420,default,143,1080,1920,,,,,,,
frame_001430,default,144,1080,1920,,,,,,,
frame_001440,default,145,1080,1920,,,,,,,
frame_001450,default,146,1080,1920,,,,,,,
frame_001460,default,147,1080,1920,,,,,,,
frame_001470,default,148,1080,1920,,,,,,,
frame_001480,default,149,1080,1920,,,,,,,
frame_001490,default,150,1080,1920,,,,,,,
frame_001500,default,151,1080,1920,,,,,,,
frame_001510,default,152,1080,1920,,,,,,,
frame_001520,default,153,1080,1920,,,,,,,
frame_001530,default,154,1080,1920,,,,,,,
frame_001540,default,155,1080,1920,,,,,,,
frame_001550,default,156,1080,1920,,,,,,,
frame_001560,default,157,1080,1920,,,,,,,
frame_001570,default,158,1080,1920,,,,,,,
frame_001580,default,159,1080,1920,,,,,,,
frame_001590,default,160,1080,1920,,,,,,,
frame_001600,default,161,1080,1920,,,,,,,
frame_001610,default,162,1080,1920,,,,,,,
frame_001620,default,163,1080,1920,,,,,,,
frame_001630,default,164,1080,1920,,,,,,,
frame_001640,default,165,1080,1920,,,,,,,
frame_001650,default,166,1080,1920,,,,,,,
frame_001660,default,167,1080,1920,,,,,,,
frame_001670,default,168,1080,1920,,,,,,,
frame_001680,default,169,1080,1920,,,,,,,
frame_001690,default,170,1080,1920,,,,,,,
frame_001700,default,171,1080,1920,,,,,,,
frame_001710,default,172,1080,1920,,,,,,,
frame_001720,default,173,1080,1920,,,,,,,
frame_001730,default,174,1080,1920,,,,,,,
frame_001740,default,175,1080,1920,,,,,,,
frame_001750,default,176,1080,1920,,,,,,,
frame_001760,default,177,1080,1920,,,,,,,
frame_001770,default,178,1080,1920,,,,,,,
frame_001780,default,179,1080,1920,,,,,,,
frame_001790,default,180,1080,1920,,,,,,,
frame_001800,default,181,1080,1920,,,,,,,
frame_001810,default,182,1080,1920,,,,,,,
frame_001820,default,183,1080,1920,,,,,,,
frame_001830,default,184,1080,1920,,,,,,,
frame_001840,default,185,1080,1920,,,,,,,
frame_001850,default,186,1080,1920,,,,,,,
frame_001860,default,187,1080,1920,,,,,,,
frame_001870,default,188,1080,1920,,,,,,,
frame_001880,default,189,1080,1920,,,,,,,
frame_001890,default,190,1080,1920,,,,,,,
frame_001900,default,191,1080,1920,,,,,,,
frame_001910,default,192,1080,1920,,,,,,,
frame_001920,default,193,1080,1920,,,,,,,
frame_001930,default,194,1080,1920,,,,,,,
frame_001940,default,195,1080,1920,,,,,,,
frame_001950,default,196,1080,1920,,,,,,,
frame_001960,default,197,1080,1920,,,,,,,
frame_001970,default,198,1080,1920,,,,,,,
frame_001980,default,199,1080,1920,,,,,,,
frame_001990,default,200,1080,1920,,,,,,,
frame_002000,default,201,1080,1920,,,,,,,
frame_002010,default,202,1080,1920,,,,,,,
frame_002020,default,203,1080,1920,,,,,,,
frame_002030,default,204,1080,1920,,,,,,,
frame_002040,default,205,1080,1920,,,,,,,
frame_002050,default,206,1080,1920,,,,,,,
frame_002060,default,207,1080,1920,,,,,,,
frame_002070,default,208,1080,1920,,,,,,,
frame_002080,default,209,1080,1920,,,,,,,
frame_002090,default,210,1080,1920,,,,,,,
frame_002100,default,211,1080,1920,,,,,,,
frame_002110,default,212,1080,1920,,,,,,,
frame_002120,default,213,1080,1920,,,,,,,
frame_002130,default,214,1080,1920,,,,,,,
frame_002140,default,215,1080,1920,,,,,,,
frame_002150,default,216,1080,1920,,,,,,,
frame_002160,default,217,1080,1920,,,,,,,
frame_002170,default,218,1080,1920,,,,,,,
frame_002180,default,219,1080,1920,,,,,,,
frame_002190,default,220,1080,1920,,,,,,,
frame_002200,default,221,1080,1920,,,,,,,
frame_002210,default,222,1080,1920,,,,,,,
frame_002220,default,223,1080,1920,,,,,,,
frame_002230,default,224,1080,1920,,,,,,,
frame_002240,default,225,1080,1920,,,,,,,
frame_002250,default,226,1080,1920,,,,,,,
frame_002260,default,227,1080,1920,,,,,,,
frame_002270,default,228,1080,1920,,,,,,,
frame_002280,default,229,1080,1920,,,,,,,
frame_002290,default,230,1080,1920,,,,,,,
frame_002300,default,231,1080,1920,,,,,,,
frame_002310,default,232,1080,1920,,,,,,,
frame_002320,default,233,1080,1920,,,,,,,
frame_002330,default,234,1080,1920,,,,,,,
frame_002340,default,235,1080,1920,,,,,,,
frame_002350,default,236,1080,1920,,,,,,,
frame_002360,default,237,1080,1920,,,,,,,
frame_002370,default,238,1080,1920,,,,,,,
frame_002380,default,239,1080,1920,,,,,,,
frame_002390,default,240,1080,1920,,,,,,,
frame_002400,default,241,1080,1920,,,,,,,
frame_002410,default,242,1080,1920,,,,,,,
frame_002420,default,243,1080,1920,,,,,,,
frame_002430,default,244,1080,1920,,,,,,,
frame_002440,default,245,1080,1920,,,,,,,
frame_002450,default,246,1080,1920,,,,,,,
frame_002460,default,247,1080,1920,,,,,,,
frame_002470,default,248,1080,1920,,,,,,,
frame_002480,default,249,1080,1920,,,,,,,
frame_002490,default,250,1080,1920,,,,,,,
frame_002500,default,251,1080,1920,,,,,,,
frame_002510,default,252,1080,1920,,,,,,,
frame_002520,default,253,1080,1920,,,,,,,
frame_002530,default,254,1080,1920,,,,,,,
frame_002540,default,255,1080,1920,,,,,,,
frame_002550,default,256,1080,1920,,,,,,,
frame_002560,default,257,1080,1920,,,,,,,
frame_002570,default,258,1080,1920,,,,,,,
frame_002580,default,259,1080,1920,,,,,,,
frame_002590,default,260,1080,1920,,,,,,,
frame_002600,default,261,1080,1920,,,,,,,
frame_002610,default,262,1080,1920,,,,,,,
frame_002620,default,263,1080,1920,,,,,,,
frame_002630,default,264,1080,1920,,,,,,,
frame_002640,default,265,1080,1920,,,,,,,
frame_002650,default,266,1080,1920,,,,,,,
frame_002660,default,267,1080,1920,,,,,,,
frame_002670,default,268,1080,1920,,,,,,,
frame_002680,default,269,1080,1920,,,,,,,
frame_002690,default,270,1080,1920,,,,,,,
frame_002700,default,271,1080,1920,,,,,,,
frame_002710,default,272,1080,1920,,,,,,,
frame_002720,default,273,1080,1920,,,,,,,
frame_002730,default,274,1080,1920,,,,,,,
frame_002740,default,275,1080,1920,,,,,,,
frame_002750,default,276,1080,1920,,,,,,,
frame_002760,default,277,1080,1920,,,,,,,
frame_002770,default,278,1080,1920,,,,,,,
frame_002780,default,279,1080,1920,,,,,,,
frame_002790,default,280,1080,1920,,,,,,,
frame_002800,default,281,1080,1920,,,,,,,
frame_002810,default,282,1080,1920,,,,,,,
frame_002820,default,283,1080,1920,,,,,,,
frame_002830,default,284,1080,1920,,,,,,,
frame_002840,default,285,1080,1920,,,,,,,
frame_002850,default,286,1080,1920,,,,,,,
frame_002860,default,287,1080,1920,,,,,,,
frame_002870,default,288,1080,1920,,,,,,,
frame_002880,default,289,1080,1920,,,,,,,
frame_002890,default,290,1080,1920,,,,,,,
frame_002900,default,291,1080,1920,,,,,,,
frame_002910,default,292,1080,1920,,,,,,,
frame_002920,default,293,1080,1920,,,,,,,
frame_002930,default,294,1080,1920,,,,,,,
frame_002940,default,295,1080,1920,,,,,,,
frame_002950,default,296,1080,1920,,,,,,,
frame_002960,default,297,1080,1920,,,,,,,
frame_002970,default,298,1080,1920,,,,,,,
frame_002980,default,299,1080,1920,,,,,,,
frame_002990,default,300,1080,1920,,,,,,,
frame_003000,default,301,1080,1920,,,,,,,
frame_003010,default,302,1080,1920,,,,,,,
frame_003020,default,303,1080,1920,,,,,,,
frame_003030,default,304,1080,1920,,,,,,,
frame_003040,default,305,1080,1920,,,,,,,
frame_003050,default,306,1080,1920,,,,,,,
frame_003060,default,307,1080,1920,,,,,,,
frame_003070,default,308,1080,1920,,,,,,,
frame_003080,default,309,1080,1920,,,,,,,
frame_003090,default,310,1080,1920,,,,,,,
frame_003100,default,311,1080,1920,,,,,,,
frame_003110,default,312,1080,1920,,,,,,,
frame_003120,default,313,1080,1920,,,,,,,
frame_003130,default,314,1080,1920,,,,,,,
frame_003140,default,315,1080,1920,,,,,,,
frame_003150,default,316,1080,1920,,,,,,,
frame_003160,default,317,1080,1920,,,,,,,
frame_003170,default,318,1080,1920,,,,,,,
frame_003180,default,319,1080,1920,,,,,,,
frame_003190,default,320,1080,1920,,,,,,,
frame_003200,default,321,1080,1920,,,,,,,
frame_003210,default,322,1080,1920,,,,,,,
frame_003220,default,323,1080,1920,,,,,,,
frame_003230,default,324,1080,1920,,,,,,,
frame_003240,default,325,1080,1920,,,,,,,
frame_003250,default,326,1080,1920,,,,,,,
frame_003260,default,327,1080,1920,,,,,,,
frame_003270,default,328,1080,1920,,,,,,,
frame_003280,default,329,1080,1920,,,,,,,
frame_003290,default,330,1080,1920,,,,,,,
frame_003300,default,331,1080,1920,,,,,,,
frame_003310,default,332,1080,1920,,,,,,,
frame_003320,default,333,1080,1920,,,,,,,
frame_003330,default,334,1080,1920,,,,,,,
frame_003340,default,335,1080,1920,,,,,,,
frame_003350,default,336,1080,1920,,,,,,,
frame_003360,default,337,1080,1920,,,,,,,
frame_003370,default,338,1080,1920,,,,,,,
frame_003380,default,339,1080,1920,,,,,,,
frame_003390,default,340,1080,1920,,,,,,,
frame_003400,default,341,1080,1920,,,,,,,
frame_003410,default,342,1080,1920,,,,,,,
frame_003420,default,343,1080,1920,,,,,,,
frame_003430,default,344,1080,1920,,,,,,,
frame_003440,default,345,1080,1920,,,,,,,
frame_003450,default,346,1080,1920,,,,,,,
frame_003460,default,347,1080,1920,,,,,,,
frame_003470,default,348,1080,1920,,,,,,,
frame_003480,default,349,1080,1920,,,,,,,
frame_003490,default,350,1080,1920,,,,,,,
frame_003500,default,351,1080,1920,,,,,,,
frame_003510,default,352,1080,1920,,,,,,,
frame_003520,default,353,1080,1920,,,,,,,
frame_003530,default,354,1080,1920,,,,,,,
frame_003540,default,355,1080,1920,,,,,,,
frame_003550,default,356,1080,1920,,,,,,,
frame_003560,default,357,1080,1920,,,,,,,
frame_003570,default,358,1080,1920,,,,,,,
frame_003580,default,359,1080,1920,,,,,,,
frame_003590,default,360,1080,1920,,,,,,,
frame_003600,default,361,1080,1920,,,,,,,
frame_003610,default,362,1080,1920,,,,,,,
frame_003620,default,363,1080,1920,,,,,,,
frame_003630,default,364,1080,1920,,,,,,,
frame_003640,default,365,1080,1920,,,,,,,
frame_003650,default,366,1080,1920,,,,,,,
frame_003660,default,367,1080,1920,,,,,,,
frame_003670,default,368,1080,1920,,,,,,,
frame_003680,default,369,1080,1920,,,,,,,
frame_003690,default,370,1080,1920,,,,,,,
frame_003700,default,371,1080,1920,,,,,,,
frame_003710,default,372,1080,1920,,,,,,,
frame_003720,default,373,1080,1920,,,,,,,
frame_003730,default,374,1080,1920,,,,,,,
frame_003740,default,375,1080,1920,,,,,,,
frame_003750,default,376,1080,1920,,,,,,,
frame_003760,default,377,1080,1920,,,,,,,
frame_003770,default,378,1080,1920,,,,,,,
frame_003780,default,379,1080,1920,,,,,,,
frame_003790,default,380,1080,1920,,,,,,,
frame_003800,default,381,1080,1920,,,,,,,
frame_003810,default,382,1080,1920,,,,,,,
frame_003820,default,383,1080,1920,,,,,,,
frame_003830,default,384,1080,1920,,,,,,,
frame_003840,default,385,1080,1920,,,,,,,
frame_003850,default,386,1080,1920,,,,,,,
frame_003860,default,387,1080,1920,,,,,,,
frame_003870,default,388,1080,1920,,,,,,,
frame_003880,default,389,1080,1920,,,,,,,
frame_003890,default,390,1080,1920,,,,,,,
frame_003900,default,391,1080,1920,,,,,,,
frame_003910,default,392,1080,1920,,,,,,,
frame_003920,default,393,1080,1920,,,,,,,
frame_003930,default,394,1080,1920,,,,,,,
frame_003940,default,395,1080,1920,,,,,,,
frame_003950,default,396,1080,1920,,,,,,,
frame_003960,default,397,1080,1920,,,,,,,
frame_003970,default,398,1080,1920,,,,,,,
frame_003980,default,399,1080,1920,,,,,,,
frame_003990,default,400,1080,1920,,,,,,,
frame_004000,default,401,1080,1920,,,,,,,
frame_004010,default,402,1080,1920,,,,,,,
frame_004020,default,403,1080,1920,,,,,,,
frame_004030,default,404,1080,1920,,,,,,,
frame_004040,default,405,1080,1920,,,,,,,
frame_004050,default,406,1080,1920,,,,,,,
frame_004060,default,407,1080,1920,,,,,,,
frame_004070,default,408,1080,1920,,,,,,,
frame_004080,default,409,1080,1920,,,,,,,
frame_004090,default,410,1080,1920,,,,,,,
frame_004100,default,411,1080,1920,,,,,,,
frame_004110,default,412,1080,1920,,,,,,,
frame_004120,default,413,1080,1920,,,,,,,
frame_004130,default,414,1080,1920,,,,,,,
frame_004140,default,415,1080,1920,,,,,,,
frame_004150,default,416,1080,1920,,,,,,,
frame_004160,default,417,1080,1920,,,,,,,
frame_004170,default,418,1080,1920,,,,,,,
frame_004180,default,419,1080,1920,,,,,,,
frame_004190,default,420,1080,1920,,,,,,,
frame_004200,default,421,1080,1920,,,,,,,
frame_004210,default,422,1080,1920,,,,,,,
frame_004220,default,423,1080,1920,,,,,,,
frame_004230,default,424,1080,1920,,,,,,,
frame_004240,default,425,1080,1920,,,,,,,
frame_004250,default,426,1080,1920,,,,,,,
frame_004260,default,427,1080,1920,,,,,,,
frame_004270,default,428,1080,1920,,,,,,,
frame_004280,default,429,1080,1920,,,,,,,
frame_004290,default,430,1080,1920,,,,,,,
frame_004300,default,431,1080,1920,,,,,,,
frame_004310,default,432,1080,1920,,,,,,,
frame_004320,default,433,1080,1920,,,,,,,
frame_004330,default,434,1080,1920,,,,,,,
frame_004340,default,435,1080,1920,,,,,,,
frame_004350,default,436,1080,1920,,,,,,,
frame_004360,default,437,1080,1920,,,,,,,
frame_004370,default,438,1080,1920,,,,,,,
frame_004380,default,439,1080,1920,,,,,,,
frame_004390,default,440,1080,1920,,,,,,,
frame_004400,default,441,1080,1920,,,,,,,
frame_004410,default,442,1080,1920,,,,,,,
frame_004420,default,443,1080,1920,,,,,,,
frame_004430,default,444,1080,1920,,,,,,,
frame_004440,default,445,1080,1920,,,,,,,
frame_004450,default,446,1080,1920,,,,,,,
frame_004460,default,447,1080,1920,,,,,,,
frame_004470,default,448,1080,1920,,,,,,,
frame_004480,default,449,1080,1920,,,,,,,
frame_004490,default,450,1080,1920,,,,,,,
frame_004500,default,451,1080,1920,,,,,,,
frame_004510,default,452,1080,1920,,,,,,,
frame_004520,default,453,1080,1920,,,,,,,
frame_004530,default,454,1080,1920,,,,,,,
frame_004540,default,455,1080,1920,,,,,,,
frame_004550,default,456,1080,1920,,,,,,,
frame_004560,default,457,1080,1920,,,,,,,
frame_004570,default,458,1080,1920,,,,,,,
frame_004580,default,459,1080,1920,,,,,,,
frame_004590,default,460,1080,1920,,,,,,,
frame_004600,default,461,1080,1920,,,,,,,
frame_004610,default,462,1080,1920,,,,,,,
frame_004620,default,463,1080,1920,,,,,,,
frame_004630,default,464,1080,1920,,,,,,,
frame_004640,default,465,1080,1920,,,,,,,
frame_004650,default,466,1080,1920,,,,,,,
frame_004660,default,467,1080,1920,,,,,,,
frame_004670,default,468,1080,1920,,,,,,,
frame_004680,default,469,1080,1920,,,,,,,
frame_004690,default,470,1080,1920,,,,,,,
frame_004700,default,471,1080,1920,,,,,,,
frame_004710,default,472,1080,1920,,,,,,,
frame_004720,default,473,1080,1920,,,,,,,
frame_004730,default,474,1080,1920,,,,,,,
frame_004740,default,475,1080,1920,,,,,,,
frame_004750,default,476,1080,1920,,,,,,,
frame_004760,default,477,1080,1920,,,,,,,
frame_004770,default,478,1080,1920,,,,,,,
frame_004780,default,479,1080,1920,,,,,,,
frame_004790,default,480,1080,1920,,,,,,,
frame_004800,default,481,1080,1920,,,,,,,
frame_004810,default,482,1080,1920,,,,,,,
frame_004820,default,483,1080,1920,,,,,,,
frame_004830,default,484,1080,1920,,,,,,,
frame_004840,default,485,1080,1920,,,,,,,
frame_004850,default,486,1080,1920,,,,,,,
frame_004860,default,487,1080,1920,,,,,,,
frame_004870,default,488,1080,1920,,,,,,,
frame_004880,default,489,1080,1920,,,,,,,
frame_004890,default,490,1080,1920,,,,,,,
frame_004900,default,491,1080,1920,,,,,,,
frame_004910,default,492,1080,1920,,,,,,,
frame_004920,default,493,1080,1920,,,,,,,
frame_004930,default,494,1080,1920,,,,,,,
frame_004940,default,495,1080,1920,,,,,,,
frame_004950,default,496,1080,1920,,,,,,,
frame_004960,default,497,1080,1920,,,,,,,
frame_004970,default,498,1080,1920,,,,,,,
frame_004980,default,499,1080,1920,,,,,,,
frame_004990,default,500,1080,1920,,,,,,,
frame_005000,default,501,1080,1920,,,,,,,
frame_005010,default,502,1080,1920,,,,,,,
frame_005020,default,503,1080,1920,,,,,,,
frame_005030,default,504,1080,1920,,,,,,,
frame_005040,default,505,1080,1920,,,,,,,
frame_005050,default,506,1080,1920,,,,,,,